Species,Redlist_cat,Status,Criteria,Habitat
Acer campestre L.,LC,N,,FOR
Acer platanoides L.,LC,N,,FOR
Acer pseudoplatanus L.,LC,N,,FOR
Achillea millefolium L.,LC,N,,DRY
Achillea nobilis L.,CR,EA,B2b(iv),DRY
Achillea ptarmica L.,LC,N,,MAR
Acinos arvensis (Lam.) Dandy,VU,N,"B2b(iv,v)",DRY
Aconitum lycoctonum L. subsp. vulparia (Reichenb.) Nyman,VU,N,B1a+2b(v),FOR
Acorus calamus L.,LC,EA,,FRE
Actaea spicata L.,LC,N,,FOR
Adonis aestivalis L.,RE,N,,RUD
Adonis annua L.,RE,N,,RUD
Adonis flammea Jacq.,RE,N,,RUD
Adoxa moschatellina L.,LC,N,,FOR
Aegopodium podagraria L.,LC,N,,FOR
Aethusa cynapium L.,LC,N,,RUD
Agrimonia eupatoria L.,LC,N,,DRY
Agrimonia procera Wallr.,LC,N,,FOR
Agrostemma githago L.,RE,N,,RUD
Agrostis canina L.,NT,N,,MAR
Agrostis capillaris L.,LC,N,,DRY
Agrostis gigantea Roth,LC,N,,RUD
Agrostis stolonifera L.,LC,N,,MAR
Agrostis vinealis Schreb.,NT,N,,DRY
Aira caryophyllea L.,VU,N,"B1a+2b(iv,v)",DRY
Aira praecox L.,VU,N,"B1a+2b(iv,v)",DRY
Ajuga chamaepitys (L.) Schreb.,RE,N,,RUD
Ajuga genevensis L.,EN,N,"B2b(iii,iv)",DRY
Ajuga pyramidalis L.,EN,N,"B2b(iii,iv); C2a(i)",DRY
Ajuga reptans L.,LC,N,,MAR
Alchemilla filicaulis Buser,VU,N,B1a+2b(iv),DRY
Alchemilla glabra Neygenf.,LC,N,,MAR
Alchemilla monticola Opiz,R,N,,DRY
Alchemilla vulgaris L.,R,N,,DRY
Alchemilla xanthochlora Rothm.,LC,N,,DRY
Alisma lanceolatum With.,CR,N,C2a(i),AQU
Alisma plantago-aquatica L.,LC,N,,FRE
Alliaria petiolata (Bieb.) Cavara et Grande,LC,N,,FOR
Allium oleraceum L.,LC,N,,DRY
Allium rotundum L.,EN,N,B2b(iv); D1,RUD
Allium scorodoprasum L.,EN,N,C2a(ii),DRY
Allium ursinum L.,LC,N,,FOR
Allium vineale L.,LC,N,,DRY
Alnus glutinosa (L.) Gaertn.,LC,N,,MAR
Alopecurus aequalis Sobol.,VU,N,"B1a+2b(iv,v)",MAR
Alopecurus geniculatus L.,LC,N,,MAR
Alopecurus myosuroides Huds.,LC,N,,RUD
Alopecurus pratensis L.,LC,N,,GRA
Alopecurus rendlei Eig,NT,N,,MAR
Althaea hirsuta L.,CR,N,"B2b(iii,iv)",RUD
Althaea officinalis L.,R,N,,MAR
Alyssum alyssoides (L.) L.,NT,N,,ROC
Amaranthus retroflexus L.,LC,EA,,RUD
Amelanchier ovalis Med.,R,N,,ROC
Anacamptis pyramidalis (L.) L.C.M. Rich,VU,N,B2b(iv),DRY
Anagallis arvensis L.,LC,N,,RUD
Anagallis arvensis L. subsp. arvensis f. arvensis,LC,N,,RUD
Anagallis arvensis L. subsp. arvensis f. carnea (Schrank) Hyl.,LC,N,,RUD
Anagallis arvensis L. subsp. foemina (Mill.) Schinz et Thell.,VU,N,"B1a+2b(iv,v)",RUD
Anchusa arvensis (L.) Bieb.,LC,N,,RUD
Anemone nemorosa L.,LC,N,,FOR
Anemone ranunculoides L.,LC,N,,FOR
Anemone sylvestris L.,RE,N,,FOR
Angelica sylvestris L.,LC,N,,MAR
Antennaria dioica (L.) Gaertn.,RE,N,,DRY
Anthemis arvensis L.,LC,N,,RUD
Anthemis cotula L.,CR,N,"B1a+2b(iv,v)",RUD
Anthemis tinctoria L.,LC,N,,RUD
Anthericum liliago L.,VU,N,"B2b(iv,v)",ROC
Anthoxanthum odoratum L.,LC,N,,GRA
Anthriscus caucalis Bieb.,RE,EA,,RUD
Anthriscus sylvestris (L.) Hoffm.,LC,N,,GRA
Anthyllis vulneraria L.,LC,N,,DRY
Apera interrupta (L.) Beauv.,LC,EA,,RUD
Apera spica-venti (L.) Beauv.,LC,N,,RUD
Aphanes arvensis L.,LC,N,,RUD
Aphanes australis Rydb.,EN,N,"B2b(iii,v)",RUD
Apium nodiflorum (L.) Lag.,EN,N,B2b(iv),FRE
Aquilegia vulgaris L.,NT,N,,FOR
Arabidopsis thaliana (L.) Heynh.,LC,N,,RUD
Arabis glabra (L.) Bernh.,VU,N,"B2b(iv,v)",FOR
Arabis hirsuta (L.) Scop.,LC,N,,DRY
Arabis pauciflora (Grimm) Garcke,R,N,,FOR
Arctium lappa L.,LC,N,,RUD
Arctium minus (Hill) Bernh.,LC,N,,RUD
Arctium nemorosum Lej.,LC,N,,FOR
Arctium tomentosum Mill.,VU,N,B2b(iv),RUD
Arenaria serpyllifolia L.,LC,N,,ROC
Aristolochia clematitis L.,EN,N,"B2b(iii,iv)",FOR
Arnica montana L.,CR,N,B1a+2b(v); D1,DRY
Arnoseris minima (L.) Schweigg. et Körte,RE,N,,RUD
Arrhenatherum elatius (L.) Beauv. ex J. et C. Presl,LC,N,,GRA
Artemisia absinthium L.,NT,N,,RUD
Artemisia vulgaris L.,LC,N,,RUD
Arum maculatum L.,LC,N,,FOR
Asarum europaeum L.,EN,N,C2a(ii); D1,FOR
Asparagus officinalis L.,LC,EA,,RUD
Asperula cynanchica L.,NT,N,,DRY
Asplenium adiantum-nigrum L.,LC,N,,ROC
Asplenium fontanum (L.) Bernh.,RE,N,,ROC
"Asplenium obovatum Viv. subsp. billotii (F.W. Schultz) O.Bolòs, Vigo, Masalles et Ninot",RE,N,,ROC
Asplenium ruta-muraria L.,LC,N,,ROC
Asplenium scolopendrium L.,NT,N,,FOR
Asplenium septentrionale (L.) Hoffmann,LC,N,,ROC
Asplenium trichomanes L.,LC,N,,ROC
"Asplenium trichomanes L. subsp. pachyrachis (Christ) Loviset Reichst.",DD,N,,ROC
Asplenium trichomanes L. subsp. quadrivalens D. E. Meyer,LC,N,,ROC
Asplenium trichomanes L. subsp. trichomanes,LC,N,,ROC
Asplenium trichomanes L. nsubsp. staufferi Lovis et Reichst.,R,N,,ROC
Asplenium viride Huds.,RE,N,,ROC
Asplenium ×alternifolium Wulfen,R,N,,ROC
Asplenium ×murbeckii Dörfler,R,N,,ROC
Aster amellus L.,CR,N,B1a; C2a,DRY
Aster novi-belgii L.,LC,EA,,FRE
Astragalus glycyphyllos L.,LC,N,,FOR
Athyrium filix-femina (L.) Roth,LC,N,,FOR
Atriplex patula L.,LC,N,,RUD
Atriplex prostrata Boucher ex DC.,LC,N,,RUD
Atropa bella-donna L.,LC,N,,FOR
Avena fatua L.,LC,N,,RUD
Avenula pratensis (L.) Dum.,EN,N,"B2b(iii,iv)",DRY
Avenula pubescens (Huds.) Dum.,NT,N,,DRY
Ballota nigra L.,LC,N,,RUD
Barbarea intermedia Boreau,LC,N,,RUD
Barbarea vulgaris R. Brown,LC,N,,RUD
Bellis perennis L.,LC,N,,GRA
Berberis vulgaris L.,EN,N,B1a+2b(iv),FOR
Berteroa incana (L.) DC.,LC,N,,RUD
Berula erecta (Huds.) Coville,VU,N,"B2b(iv,v)",FRE
Betula pendula Roth,LC,N,,FOR
Betula pubescens Ehrh.,NT,N,,FOR
Bidens cernua L.,VU,N,"B1a+2b(iv,v)",FRE
Bidens frondosa L.,LC,EA,,FRE
Bidens tripartita L.,LC,N,,FRE
Blackstonia perfoliata (L.) Huds.,RE,N,,DRY
Blechnum spicant (L.) Roth,VU,N,B1a+2b(iv),FOR
Blysmus compressus (L.) Panzer ex Link,CR,N,B1a+2b(iv),MAR
Bolboschoenus maritimus (L.) Palla,CR,N,C2a(ii),FRE
Botrychium lunaria (L.) Swartz,EN,N,"B2b(iii,iv); C2a(i)",DRY
Brachypodium pinnatum (L.) Beauv.,LC,N,,DRY
Brachypodium sylvaticum (Huds.) Beauv.,LC,N,,FOR
Brassica nigra (L.) Koch,LC,N,,RUD
Briza media L.,LC,N,,DRY
Bromus arvensis L.,LC,N,,RUD
Bromus commutatus Schrad.,LC,N,,RUD
Bromus erectus Huds.,LC,N,,DRY
Bromus hordeaceus L.,LC,N,,GRA
Bromus inermis Leyss.,LC,N,,RUD
Bromus lepidus Holmberg,RE,EA,,RUD
Bromus racemosus L.,LC,N,,MAR
Bromus ramosus Huds.,LC,N,,FOR
Bromus secalinus L.,CR,N,B1a+2b(iv); C2a(i),RUD
Bromus sterilis L.,LC,N,,RUD
Bromus tectorum L.,LC,N,,RUD
Bryonia dioica Jacq.,LC,N,,FOR
Bunias orientalis L.,LC,EA,,RUD
Bunium bulbocastanum L.,VU,N,B2b(iv),RUD
Bupleurum falcatum L.,LC,N,,DRY
Bupleurum rotundifolium L.,RE,EA,,RUD
Butomus umbellatus L.,VU,N,B1a+2b(iv),AQU
Buxus sempervirens L.,VU,N,B1a; D1,FOR
Calamagrostis arundinacea (L.) Roth,R,N,,FOR
Calamagrostis canescens (Web.) Roth,EN,N,B2b(iv),FOR
Calamagrostis epigejos (L.) Roth,LC,N,,FOR
Calamintha menthifolia Host,EN,N,B1a+2b(iv),FOR
Calendula arvensis L.,CR,N,B1a+2b(iv),RUD
Calepina irregularis (Asso) Thell.,LC,EA,,RUD
Calla palustris L.,RE,N,,MAR
Callitriche hamulata Kütz. ex Koch,LC,N,,AQU
Callitriche obtusangula Le Gall,R,N,,AQU
Callitriche palustris L.,EN,N,"B2b(iii,iv)",AQU
Callitriche platycarpa Kütz.,LC,N,,AQU
Callitriche stagnalis Scop.,LC,N,,AQU
Calluna vulgaris (L.) Hull,LC,N,,DRY
Caltha palustris L.,NT,N,,MAR
Calystegia sepium (L.) R. Brown,LC,N,,FRE
Campanula cervicaria L.,RE,N,,FOR
Campanula glomerata L.,EN,N,B1a+2b(iv),DRY
Campanula patula L.,CR,N,B1a+2b(iv),DRY
Campanula persicifolia L.,LC,N,,FOR
Campanula rapunculoides L.,LC,N,,RUD
Campanula rapunculus L.,LC,N,,DRY
Campanula rotundifolia L.,LC,N,,DRY
Campanula trachelium L.,LC,N,,FOR
Capsella bursa-pastoris (L.) Med.,LC,N,,RUD
Cardamine amara L.,LC,N,,MAR
Cardamine bulbifera (L.) Crantz,R,N,,FOR
Cardamine flexuosa With.,LC,N,,FOR
Cardamine hirsuta L.,LC,N,,RUD
Cardamine impatiens L.,LC,N,,FOR
Cardamine pratensis L.,LC,N,,GRA
Cardaminopsis arenosa (L.) Hayek,LC,N,,ROC
Cardaria draba (L.) Desv.,LC,EA,,RUD
Carduus crispus L.,LC,N,,RUD
Carduus nutans L.,LC,N,,RUD
Carex acuta L.,LC,N,,MAR
Carex acutiformis Ehrh.,LC,N,,MAR
Carex brizoides L.,R,N,,FOR
Carex canescens L.,VU,N,"B2b(iv,v)",MAR
Carex caryophyllea Latourr.,LC,N,,DRY
Carex cuprina (Sandór ex Heuffel) Nendtvich ex A. Kerner,VU,N,"B2b(iv,v)",MAR
Carex davalliana Smith,RE,N,,MAR
Carex demissa Vahl ex Hartman,LC,N,,MAR
Carex depauperata Curt. ex With.,RE,N,,FOR
Carex diandra Schrank,CR,N,C2a(ii); D1,MAR
Carex digitata L.,LC,N,,FOR
Carex distans L.,EN,N,"B1a+2b(iii,iv)",MAR
Carex disticha Huds.,LC,N,,MAR
Carex divulsa Stokes,LC,N,,FOR
Carex echinata Murray,VU,N,"B2b(iv,v)",MAR
Carex elata All.,CR,N,C2a(ii),MAR
Carex elongata L.,LC,N,,FOR
Carex flacca Schreb.,LC,N,,DRY
Carex flava L.,EN,N,"B1a+2b(iii,iv)",MAR
Carex hirta L.,LC,N,,GRA
Carex hostiana DC.,CR,N,B1a+2b(iv),MAR
Carex humilis Leyss.,R,N,,ROC
Carex lepidocarpa Tausch,VU,N,"B1a+2b(iv,v)",MAR
Carex montana L.,VU,N,"B2b(iv,v)",FOR
Carex muricata L. subsp. lamprocarpa Čelak,LC,N,,FOR
Carex nigra (L.) Reichard,LC,N,,MAR
Carex ornithopoda Willd.,CR,N,C2a(ii),AQU
Carex ovalis Good.,LC,N,,MAR
Carex pallescens L.,LC,N,,FOR
Carex panicea L.,LC,N,,MAR
Carex paniculata L.,LC,N,,MAR
Carex pendula Huds.,LC,N,,FOR
Carex pilosa Scop.,EN,N,C2a(ii); D1,FOR
Carex pilulifera L.,LC,N,,FOR
Carex pseudocyperus L.,EN,N,"B2b(iii,iv)",FRE
Carex pulicaris L.,CR,N,B1a+2b(iv),MAR
Carex remota Jusl. ex L.,LC,N,,FOR
Carex riparia Curt.,EN,N,"B2b(iii,iv)",MAR
Carex rostrata Stokes,LC,N,,MAR
Carex spicata Huds.,LC,N,,DRY
Carex strigosa Huds.,VU,N,B1a+2b(iv),FOR
Carex sylvatica Huds.,LC,N,,FOR
Carex tomentosa L.,LC,N,,DRY
Carex umbrosa Hoppe,R,N,,FOR
Carex vesicaria L.,LC,N,,MAR
Carex vulpina L.,VU,N,"B2b(iv,v)",MAR
Carlina vulgaris L.,LC,N,,DRY
Carpinus betulus L.,LC,N,,FOR
Carum carvi L.,LC,N,,DRY
Catabrosa aquatica (L.) Beauv.,CR,N,B1a+2b(iv),FRE
Caucalis platycarpos L.,RE,N,,RUD
Centaurea calcitrapa L.,RE,EA,,RUD
Centaurea cyanus L.,VU,N,"B2b(iv,v)+2c(iii,iv)",RUD
Centaurea jacea L.,LC,N,,DRY
"Centaurea jacea subsp. grandiflora (Gaudin) Schübl. etMartens",LC,N,,DRY
Centaurea jacea subsp. nigra (L.) Bonnier et Layens,LC,N,,DRY
Centaurea montana L.,NT,N,,FOR
Centaurea repens L.,CR,EA,C2a(ii),RUD
Centaurea scabiosa L.,LC,N,,DRY
Centaurea stoebe L.,RE,EA,,DRY
Centaurium erythraea Rafn,VU,N,"B2b(iv,v)",DRY
Centaurium pulchellum (SW.) Druce,VU,N,"B2b(iv,v)+2c(iii,iv)",FRE
Centranthus ruber (L.) DC.,LC,EA,,ROC
Centunculus minimus L.,EN,N,B1a+2b(iv),RUD
Cephalanthera damasonium (Mill.) Druce,NT,N,,FOR
Cephalanthera longifolia (L.) Fritsch,VU,N,B2b(iv),FOR
Cephalanthera rubra (L.) L. C. M. Rich.,VU,N,"B1a+2b(iv,v)",FOR
Cephalaria gigantea (L.) Roem. et Schultes,R,EA,,DRY
Cerastium arvense L.,LC,N,,DRY
Cerastium brachypetalum Pers.,LC,N,,ROC
Cerastium fontanum Baumg.,LC,N,,GRA
Cerastium glomeratum Thuill.,LC,N,,RUD
Cerastium pumilum Curt.,LC,N,,DRY
Cerastium semidecandrum L.,LC,N,,DRY
Ceratophyllum demersum L.,VU,N,B1a,AQU
Ceterach officinarum Willd.,VU,N,B1a+2b(v),ROC
Chaenorhinum minus (L.) Lange,LC,N,,RUD
Chaerophyllum aureum L.,RE,N,,FOR
Chaerophyllum bulbosum L.,R,N,,FRE
Chaerophyllum temulum L.,LC,N,,FOR
Cheiranthus cheiri L.,LC,EA,,ROC
Chelidonium majus L.,LC,N,,RUD
Chenopodium album L.,LC,N,,RUD
Chenopodium bonus-henricus L.,CR,N,"B2b(iv,v)",RUD
Chenopodium botrys L.,CR,EA,C2a(ii),RUD
Chenopodium glaucum L.,EN,N,B1a+2c(iv),RUD
Chenopodium hybridum L.,CR,N,"B2b(iv,v)",RUD
Chenopodium murale L.,RE,N,,RUD
Chenopodium polyspermum L.,LC,N,,RUD
Chenopodium rubrum L.,R,N,,RUD
Chenopodium urbicum L.,RE,N,,RUD
Chenopodium vulvaria L.,RE,N,,RUD
Chondrilla juncea L.,CR,N,B1a+2b(iv),RUD
Chondrilla latifolia Bieb.,EN,EA,B1a,RUD
Chrysosplenium alternifolium L.,LC,N,,AQU
Chrysosplenium oppositifolium L.,LC,N,,AQU
Cichorium intybus L.,LC,N,,RUD
Circaea alpina L.,CR,N,D1,FOR
Circaea lutetiana L.,LC,N,,FOR
Circaea xintermedia Ehrh.,VU,N,"B2b(iv,v)",FOR
Cirsium acaule Scop.,VU,N,"B2b(iv,v)",DRY
Cirsium arvense (L.) Scop.,LC,N,,RUD
Cirsium eriophorum (L.) Scop.,LC,N,,RUD
Cirsium oleraceum (L.) Scop.,LC,N,,MAR
Cirsium palustre (L.) Scop.,LC,N,,MAR
Cirsium vulgare (Savi) Ten.,LC,N,,RUD
Claytonia perfoliata Donn ex Willd.,LC,EA,,RUD
Clematis vitalba L.,LC,N,,FOR
Clinopodium vulgare L.,LC,N,,DRY
Coeloglossum viride (L.) Hartman,CR,N,B1a+2b(iv); D1,DRY
"Coincya monensis (L.) Greuter et Burdet subsp. cheiranthos(Vill.) Aedo, Leadlay et Muñoz Garmendia",VU,N,B2b(iv),ROC
Colchicum autumnale L.,VU,N,"B2b(iv,v)",MAR
Colutea arborescens L.,LC,EA,,FOR
Comarum palustre L.,VU,N,"B2b(iv,v)",MAR
Conium maculatum L.,NT,N,,RUD
Conopodium majus (Gouan) Loret,CR,N,C2a(ii); D1,FOR
Conringia orientalis (L.) Dum.,RE,N,,RUD
Consolida regalis S.F. Gray,CR,N,"B1a+2b(iv,v)",RUD
Convallaria majalis L.,NT,N,,FOR
Convolvulus arvensis L.,LC,N,,RUD
Conyza canadensis (L.) Cronq.,LC,EA,,RUD
Cornus mas L.,LC,N,,FOR
Cornus sanguinea L.,LC,N,,FOR
Coronopus squamatus (Forssk.) Aschers.,EN,N,B1a,RUD
Corrigiola litoralis L.,R,N,,FRE
Corydalis cava (L.) Schweigg. et Koerte,VU,N,"B1a+2b(iv,v)",FOR
Corydalis solida (L.) Clairv.,LC,N,,FOR
Corylus avellana L.,LC,N,,FOR
Corynephorus canescens (L.) Beauv.,EN,N,B1a+2b(v); C2a(i),DRY
Cotoneaster integerrimus Med.,NT,N,,ROC
Crataegus laevigata (Poiret) DC.,LC,N,,FOR
Crataegus monogyna Jacq.,LC,N,,FOR
Crataegus rhipidophylla Gandoge.,LC,N,,FOR
Crepis biennis L.,LC,N,,GRA
Crepis capillaris (L.) Wallr.,LC,N,,GRA
Crepis foetida L.,EN,N,B1a+2b(iv),RUD
Crepis paludosa (L.) Moench,LC,N,,MAR
Crepis polymorpha Pourr.,LC,N,,RUD
Crepis praemorsa (L.) F. W. Walther,RE,N,,DRY
Crepis pulchra L.,CR,N,"B2b(iv,v)",RUD
Crepis sancta (L.) Bornm. subsp. nemausensis (Gouan) Babc.,LC,EA,,RUD
Cruciata laevipes Opiz,LC,N,,GRA
Cuscuta epilinum Weihe,RE,N,,RUD
Cuscuta epithymum (L.) L.,CR,N,B1a+2b(iv),DRY
Cuscuta europaea L.,LC,N,,FRE
Cuscuta lupuliformis Krocker,LC,EA,,FRE
"Cymbalaria muralis Gaertn., B. Mey. et Scherb.",LC,EA,,ROC
Cynodon dactylon (L.) Pers.,LC,EA,,RUD
Cynoglossum officinale L.,VU,N,"B1a+2b(iv,v)",RUD
Cynosurus cristatus L.,LC,N,,GRA
Cyperus flavescens L.,RE,N,,FRE
Cyperus fuscus L.,R,N,,FRE
Cypripedium calceolus L.,RE,N,,FOR
Cystopteris fragilis (L.) Bernh.,LC,N,,ROC
Cytisus scoparius (L.) Link,LC,N,,DRY
Dactylis glomerata L.,LC,N,,GRA
Dactylis polygama Horvátovszky,R,N,,FOR
Dactylorhiza fuchsii (Druce) Soó,VU,N,"B1a+2b(iv,v)",MAR
Dactylorhiza incarnata (L.) Soó,CR,N,B1a; D1,MAR
Dactylorhiza maculata (L.) Soó,EN,N,B1a+2b(iv),DRY
Dactylorhiza majalis (Reichenb.) P. F. Hunt et Summerh.,VU,N,"B2b(iv,v)",MAR
Dactylorhiza praetermissa (Druce) Soó,CR,N,D1,MAR
Danthonia decumbens (L.) DC.,VU,N,"B2b(iv,v)",DRY
Daphne mezereum L.,NT,N,,FOR
Daucus carota L.,LC,N,,GRA
Deschampsia cespitosa (L.) Beauv.,LC,N,,MAR
Deschampsia flexuosa (L.) Trin.,LC,N,,FOR
Dianthus armeria L.,VU,N,"B2b(iv,v)",DRY
Dianthus carthusianorum L.,VU,N,"B2b(iv,v)",DRY
Dianthus deltoides L.,EN,N,"B1a+2b(iv,v)",DRY
Dianthus gratianopolitanus Vill.,R,N,,ROC
Digitalis grandiflora Mill.,VU,N,"B2b(iv,v)+2c(iii,iv)",FOR
Digitalis lutea L.,NT,N,,FOR
Digitalis purpurea L.,LC,N,,FOR
Digitaria ischaemum (Schreb. ex Schweigg.) Muhlenb.,LC,N,,RUD
Digitaria sanguinalis (L.) Scop.,EN,N,B1a+2b(iv),RUD
Diphasiastrum tristachyum (Pursh) Holub,RE,N,,DRY
Diplotaxis muralis (L.) DC.,R,N,,ROC
Diplotaxis tenuifolia (L.) DC.,LC,N,,ROC
Dipsacus fullonum L.,LC,N,,RUD
Dipsacus pilosus L.,NT,N,,FOR
Draba muralis L.,EN,N,B1a+2b(iv); C2a(i),ROC
Drosera rotundifolia L.,RE,N,,MAR
Dryopteris affinis (Lowe) Fraser-Jenkins,LC,N,,FOR
Dryopteris affinis (Lowe) Fraser-Jenkins subsp. affinis,R,N,,FOR
"Dryopteris affinis (Lowe) Fraser-Jenkins subsp. borreri(Newmann) Fraser-Jenkins",VU,N,"B1a+2b(iv,v)",FOR
"Dryopteris affinis subsp. cambrensis Fraser-Jenkins var.distans (Fiori) Fraser-Jenkins",R,N,,FOR
Dryopteris carthusiana (Vill.) H. P. Fuchs,LC,N,,FOR
Dryopteris dilatata (Hoffm.) A. Gray,LC,N,,FOR
Dryopteris filix-mas (L.) Schott,LC,N,,FOR
Dryopteris ×complexa Fraser-Jenkins,R,N,,FOR
Echinochloa crus-galli (L.) Beauv.,LC,N,,RUD
Echinops sphaerocephalus L.,LC,EA,,RUD
Echium vulgare L.,LC,N,,RUD
Eleocharis acicularis (L.) Roem. et Schult.,R,N,,FRE
Eleocharis ovata (Roth) Roem. et Schult.,R,N,,MAR
Eleocharis palustris (L.) Roem. et Schult.,LC,N,,MAR
Eleocharis quinqueflora (F.X. Hartm.) O. Schwartz,CR,N,B1a; C2a(ii),MAR
Eleocharis uniglumis (Link) Schultes,CR,N,B1a+2b(iv),MAR
Elodea canadensis Michaux,LC,EA,,AQU
Elodea nuttallii (Planch.) St John,LC,EA,,AQU
Elymus caninus (L.) L.,LC,N,,FOR
Elymus repens (L.) Gould,LC,N,,RUD
Epilobium angustifolium L.,LC,N,,FOR
Epilobium ciliatum Rafin.,LC,EA,,RUD
Epilobium collinum C.C. Gmel.,LC,N,,ROC
Epilobium dodonaei Vill.,LC,EA,,RUD
Epilobium hirsutum L.,LC,N,,MAR
Epilobium lanceolatum Seb. et Mauri,LC,N,,ROC
Epilobium montanum L.,LC,N,,FOR
Epilobium obscurum Schreb.,LC,N,,MAR
Epilobium palustre L.,VU,N,"B2b(iv,v)",MAR
Epilobium parviflorum Schreb.,LC,N,,MAR
Epilobium roseum Schreb.,LC,N,,RUD
Epilobium tetragonum L.,LC,N,,RUD
Epimedium alpinum L.,R,EA,,FOR
Epipactis atrorubens (Hoffm.) Besser,VU,N,"B2b(iv,v)",DRY
Epipactis helleborine (L.) Crantz,LC,N,,FOR
Epipactis leptochila (Godf.) Godf.,R,N,,FOR
Epipactis microphylla (Ehrh.) Swartz,R,N,,FOR
Epipactis muelleri Godf.,VU,N,"B2b(iv,v)",FOR
Epipactis palustris (L.) Crantz,EN,N,"B1a+2b(iv,v)",MAR
Epipactis purpurata Smith,VU,N,"B2b(iv,v)",FOR
Epipogium aphyllum Swartz,R,N,,FOR
Equisetum arvense L.,LC,N,,RUD
Equisetum fluviatile L.,LC,N,,MAR
Equisetum hyemale L.,LC,N,,FOR
Equisetum palustre L.,LC,N,,MAR
Equisetum sylvaticum L.,LC,N,,FOR
Equisetum telmateia Ehrh.,LC,N,,FOR
Eragrostis minor Host,LC,EA,,RUD
Erica tetralix L.,RE,N,,DRY
Erigeron acer L.,LC,N,,ROC
Erigeron annuus (L.) Pers.,LC,EA,,RUD
Eriophorum angustifolium Honck.,EN,N,"B1a+2b(iv,iv)",MAR
Eriophorum latifolium Hoppe,CR,N,B1a; D1,MAR
Eriophorum vaginatum L.,RE,N,,MAR
Erodium cicutarium (L.) L’ Hérit.,LC,N,,RUD
Erophila verna (L.) Chevall.,LC,N,,ROC
Eryngium campestre L.,LC,N,,DRY
Erysimum cheiranthoides L.,LC,EA,,RUD
Eupatorium cannabinum L.,LC,N,,FRE
Euphorbia amygdaloides L.,LC,N,,FOR
Euphorbia cyparissias L.,LC,N,,DRY
Euphorbia dulcis L.,NT,N,,FOR
Euphorbia esula L.,EN,N,B1a+2b(iv),RUD
Euphorbia exigua L.,LC,N,,RUD
Euphorbia helioscopia L.,LC,N,,RUD
Euphorbia peplus L.,LC,N,,RUD
Euphorbia platyphyllos L.,LC,EA,,RUD
Euphorbia stricta L.,LC,N,,RUD
Euphrasia nemorosa (Pers.) Wallr.,EN,N,B1a+2b(iv),DRY
"Euphrasia officinalis (L.) subsp. rostkoviana (Hayne) F.Townsend",CR,N,"B2b(iv,v)",DRY
Euphrasia stricta Wolff ex Lehm.,EN,N,B1a+2b(iv)+2c(iv),DRY
Evonymus europaeus L.,LC,N,,FOR
Fagus sylvatica L.,LC,N,,FOR
Falcaria vulgaris Bernh.,EN,EA,B1a+2b(iv),RUD
Fallopia convolvulus (L.) Á. Löve,LC,N,,RUD
Fallopia dumetorum (L.) Holub,LC,N,,FOR
Fallopia japonica (Houtt.) Ronse Decraene,LC,EA,,FRE
Fallopia sachalinensis (F. Schmidt Petrop.) Ronse Decraene,LC,EA,,FRE
Festuca altissima All.,LC,N,,FOR
Festuca arundinacea Schreb.,LC,N,,MAR
Festuca filiformis Pourret,LC,N,,DRY
Festuca gigantea (L.) Vill.,LC,N,,FOR
Festuca heteropachys (St-Yves) Patzke ex Auquier,LC,N,,ROC
Festuca heterophylla Lam.,CR,N,B1a+2b(iv),FOR
Festuca lemanii Bast.,VU,N,"B2b(iv,v)",DRY
"Festuca longifolia Thuill. subsp. pseudocostei Auquier etKerguélen",EN,N,B1a+2b(v),ROC
Festuca pratensis Huds.,LC,N,,GRA
Festuca rubra L.,LC,N,,GRA
Filago arvensis L.,CR,N,B1a+2b(v),RUD
Filago lutescens Jord.,RE,N,,RUD
Filago minima (Smith) Pers.,EN,N,"B1a+2b(iv,v)",RUD
Filago pyramidata L.,RE,N,,RUD
Filago vulgaris Lam.,CR,N,B1a+2b(iv),RUD
Filipendula ulmaria (L.) Maxim.,LC,N,,MAR
Filipendula vulgaris Moench,CR,N,B1a+2b(iv),DRY
Fragaria moschata Weston,LC,N,,FOR
Fragaria vesca L.,LC,N,,FOR
Fragaria viridis Weston,LC,N,,DRY
Frangula alnus Mill.,LC,N,,FOR
Fraxinus excelsior L.,LC,N,,FOR
Fumaria densiflora DC.,RE,N,,RUD
Fumaria officinalis L.,LC,N,,RUD
Fumaria parviflora Lam.,CR,N,"B1a+2b(iv,v)",RUD
Fumaria vaillantii Loisel.,EN,N,"B1a+2b(iv,v)+2c(iv)",RUD
Gagea lutea (L.) Ker-Gawl.,VU,N,"B2b(iv,v)",FOR
Gagea pratensis (Pers.) Dum.,CR,N,B1a+2b(iv),RUD
Gagea villosa (Bieb.) Duby,CR,N,"B2b(iv,v)",RUD
Galeopsis angustifolia Ehrh. ex Hoffmann,LC,N,,ROC
Galeopsis bifida Boenningh.,LC,N,,RUD
Galeopsis ladanum L.,LC,N,,ROC
Galeopsis segetum Neck.,LC,N,,ROC
Galeopsis tetrahit L.,LC,N,,RUD
Galinsoga parviflora Cav.,LC,EA,,RUD
Galinsoga quadriradiata Ruiz et Pav.,LC,EA,,RUD
Galium aparine L.,LC,N,,RUD
Galium boreale L.,R,N,,ROC
Galium glaucum L.,RE,N,,DRY
Galium mollugo L.,LC,N,,GRA
Galium odoratum (L.) Scop.,LC,N,,FOR
Galium palustre L.,LC,N,,MAR
Galium pumilum Murray,VU,N,"B2b(iv,v)",DRY
Galium saxatile L.,LC,N,,DRY
Galium spurium L.,CR,N,B2b(iv),RUD
Galium sylvaticum L.,LC,N,,FOR
Galium tricornutum Dandy,RE,N,,RUD
Galium uliginosum L.,LC,N,,MAR
Galium verum L.,LC,N,,DRY
Genista anglica L.,CR,N,C2a(ii); D1,DRY
Genista germanica L.,RE,N,,DRY
Genista pilosa L.,LC,N,,ROC
Genista tinctoria L.,LC,N,,DRY
Genistella sagittalis (L.) Gams,LC,N,,DRY
Gentiana cruciata L.,RE,N,,DRY
Gentianella ciliata (L.) Borkh.,VU,N,"B2b(iv,v)",DRY
Gentianella germanica (Willd.) Börner,CR,N,"B1a+2b(iv,v)",DRY
Geranium columbinum L.,LC,N,,RUD
Geranium dissectum L.,LC,N,,RUD
Geranium molle L.,LC,N,,RUD
Geranium pratense L.,EN,N,B1a+2b(iv),MAR
Geranium pusillum L.,LC,N,,RUD
Geranium pyrenaicum Burm. f.,LC,N,,RUD
Geranium robertianum L.,LC,N,,FOR
Geranium rotundifolium L.,R,N,,ROC
Geranium sanguineum L.,R,N,,FOR
Geranium sylvaticum L.,VU,N,"B2b(iv,v)",FOR
Geum rivale L.,EN,N,B1a+2b(iv),FOR
Geum urbanum L.,LC,N,,MAR
Glebionis segetum (L.) Fourr.,LC,N,,RUD
Glechoma hederacea L.,LC,N,,GRA
Glyceria declinata Bréb.,LC,N,,FRE
Glyceria fluitans (L.) R. Brown,LC,N,,FRE
Glyceria maxima (Hartm.) Holmberg,VU,N,"B2b(iii,iv)",FRE
Glyceria notata Chevall.,LC,N,,FRE
Gnaphalium sylvaticum L.,LC,N,,FOR
Gnaphalium uliginosum L.,LC,N,,FRE
Goodyera repens (L.) R. Brown,LC,EA,,FOR
Gratiola officinalis L.,RE,N,,FRE
Groenlandia densa (L.) Fourr.,R,N,,AQU
Gymnadenia conopsea (L.) R. Brown,VU,N,"B2b(iii,iv)",DRY
Gymnadenia odoratissima (L.) L. C. M. Rich.,RE,N,,DRY
Gymnocarpium dryopteris (L.) Newm.,LC,N,,FOR
Gymnocarpium robertianum (Hoffmann) Newm.,LC,N,,ROC
Gypsophila muralis L.,CR,N,B1a+2b(iv),FRE
Hedera helix L.,LC,N,,FOR
Helianthemum nummularium (L.) Mill.,NT,N,,DRY
Helianthus tuberosus L.,LC,EA,,RUD
Helichrysum arenarium (L.) Moench,RE,N,,DRY
Helleborus foetidus L.,VU,N,B1a+2b(iv),FOR
Helleborus viridis L. subsp. occidentalis (Reut.) Schiffn.,LC,N,,FOR
Heracleum mantegazzianum Somm. et Lev.,LC,EA,,RUD
Heracleum sphondylium L.,LC,N,,GRA
Herminium monorchis (L.) R. Brown,RE,N,,DRY
Herniaria glabra L.,NT,N,,RUD
Herniaria hirsuta L.,RE,N,,RUD
Hesperis matronalis L.,LC,EA,,FOR
Hieracium bauhinii Schultes ex Besser,LC,N,,ROC
Hieracium caespitosum Dum.,NE,EA,,RUD
Hieracium diaphanoides Lindeb.,NE,N,,ROC
Hieracium glaucinum Jord.,LC,N,,ROC
Hieracium lachenalii C. C. Gmel.,LC,N,,FOR
Hieracium lactucella Wallr.,EN,N,"B1a+2b(iv,v)",DRY
Hieracium laevigatum Willd.,LC,N,,FOR
Hieracium maculatum Schrank,NE,N,,ROC
Hieracium murorum L.,LC,N,,FOR
Hieracium pilosella L.,LC,N,,DRY
Hieracium piloselloides Vill.,R,EA,,ROC
Hieracium sabaudum L.,LC,N,,FOR
Hieracium schmidtii Tausch,NE,N,,ROC
Hieracium umbellatum L.,LC,N,,FOR
Hieracium wiesbaurianum Uechtr. ex Baenitz,NE,N,,ROC
Hieracium zizianum Tausch,NE,N,,ROC
Hierochloe odorata (L.) Beauv.,RE,N,,MAR
Himantoglossum hircinum (L.) Spreng.,EN,N,B1a+2b(iv)+2c(iv),DRY
Hippocrepis comosa L.,LC,N,,DRY
Hippocrepis emerus (L.) Lassen,R,EA,,FOR
Hippuris vulgaris L.,R,EA,,AQU
Holcus lanatus L.,LC,N,,GRA
Holcus mollis L.,LC,N,,FOR
Holosteum umbellatum L.,EN,N,"B1a+2b(iv,v)",RUD
Hordelymus europaeus (L.) Harz,LC,N,,FOR
Hordeum jubatum L.,R,EA,,RUD
Hordeum murinum L.,LC,N,,RUD
Hordeum secalinum Schreb.,VU,N,"B2b(iii,iv)",GRA
Humulus lupulus L.,LC,N,,FOR
Huperzia selago (L.) Bernh. ex Schrank et Mart.,CR,N,"A1a  B1a+2b(v); C2a(ii);D1",ROC
Hydrocharis morsus-ranae L.,LC,EA,,AQU
Hydrocotyle vulgaris L.,RE,N,,FRE
Hymenophyllum tunbrigense (L.) Smith,EN,N,A1a  C2a(ii); D1,ROC
Hyoscyamus niger L.,LC,N,,RUD
Hypericum dubium Leers,LC,N,,MAR
Hypericum elodes L.,RE,N,,MAR
Hypericum hirsutum L.,LC,N,,FOR
Hypericum humifusum L.,LC,N,,FOR
Hypericum maculatum Crantz,LC,N,,MAR
Hypericum montanum L.,LC,N,,FOR
Hypericum perforatum L.,LC,N,,DRY
Hypericum pulchrum L.,LC,N,,FOR
Hypericum tetrapterum Fries,LC,N,,MAR
Hypochoeris glabra L.,RE,N,,DRY
Hypochoeris maculata L.,RE,N,,DRY
Hypochoeris radicata L.,LC,N,,DRY
Iberis amara L.,NT,N,,ROC
Ilex aquifolium L.,LC,N,,FOR
Illecebrum verticillatum L.,CR,N,C2a(ii); D1,FRE
Impatiens glandulifera Royle,LC,EA,,FRE
Impatiens noli-tangere L.,LC,N,,FOR
Impatiens parviflora DC.,LC,EA,,FOR
Inula britannica L.,RE,N,,FRE
Inula conyzae (Griesselich) Meikle,LC,N,,DRY
Inula salicina L.,NT,N,,DRY
Iris pseudacorus L.,VU,N,B2b(iv),MAR
Isatis tinctoria L.,EN,EA,B1a+2b(iv),RUD
Isolepis setacea (L.) R. Brown,VU,N,B2b(iv),FRE
Jasione montana L.,VU,N,"B2b(iii,iv)",DRY
Juglans regia L.,LC,EA,,FOR
Juncus acutiflorus Ehrh. ex Hoffmann,LC,N,,MAR
Juncus articulatus L.,LC,N,,MAR
Juncus bufonius L.,LC,N,,FRE
Juncus bulbosus L.,LC,N,,MAR
Juncus capitatus Weig.,RE,N,,FRE
Juncus compressus Jacq.,VU,N,"B2b(iii,iv)",MAR
Juncus conglomeratus L.,LC,N,,MAR
Juncus effusus L.,LC,N,,MAR
Juncus filiformis L.,CR,N,B1a  C2a(ii); D1,MAR
Juncus inflexus L.,LC,N,,MAR
Juncus squarrosus L.,CR,N,B1a+2b(iv),MAR
Juncus subnodulosus Schrank,EN,N,B1a+2b(iv),MAR
Juncus tenuis Willd.,LC,EA,,FRE
Juniperus communis L.,EN,N,B1a+2b(iv)+2b(v),DRY
Kickxia elatine (L.) Dum.,EN,N,"B2b(iv,v)",RUD
Kickxia spuria (L.) Dum.,EN,N,"B2b(iv,v)",RUD
Knautia arvensis (L.) Coulter,LC,N,,DRY
Koeleria albescens DC.,LC,N,,DRY
Koeleria macrantha (Ledeb.) Schultes,R,N,,DRY
Koeleria pyramidata (Lam.) Beauv.,LC,N,,DRY
Laburnum anagyroides Med.,R,EA,,FOR
Lactuca perennis L.,R,N,,DRY
Lactuca saligna L.,CR,N,B1a+2b(iv),RUD
Lactuca serriola L.,LC,N,,RUD
Lactuca virosa L.,NT,N,,RUD
Lamium album L.,LC,N,,RUD
Lamium amplexicaule L.,LC,N,,RUD
Lamium galeobdolon (L.) L.,LC,N,,FOR
Lamium maculatum L.,LC,N,,FOR
Lamium purpureum L.,LC,N,,RUD
Lapsana communis L.,LC,N,,FOR
Lapsana communis L. subsp. intermedia (Bieb.) Hayek,R,EA,,ROC
Larix decidua Mill.,LC,EA,,FOR
Laserpitium latifolium L.,R,N,,FOR
Lathraea squamaria L.,R,N,,FOR
Lathyrus aphaca L.,LC,N,,RUD
Lathyrus hirsutus L.,CR,N,B1a; C2a(ii),RUD
Lathyrus linifolius (Reichard) Bässler,LC,N,,FOR
Lathyrus niger (L.) Bernh.,R,N,,FOR
Lathyrus nissolia L.,CR,N,B1a+2b(iv),RUD
Lathyrus pratensis L.,LC,N,,GRA
Lathyrus sylvestris L.,NT,N,,FOR
Lathyrus tuberosus L.,LC,N,,RUD
Leersia oryzoides (L.) Swartz,CR,N,B1a+2b(v),FRE
Legousia speculum-veneris (L.) Chaix,EN,N,"B1a+2b(iv,v)+2c(iv)",RUD
Lemna gibba L.,LC,N,,AQU
Lemna minor L.,LC,N,,AQU
Lemna trisulca L.,VU,N,B1a+2b(iv),AQU
Leontodon autumnalis L.,LC,N,,GRA
Leontodon hispidus L.,LC,N,,GRA
Leontodon saxatilis Lam.,NT,N,,ROC
Leonurus cardiaca L.,CR,N,B1a+2b(iv),RUD
Lepidium campestre (L.) R. Brown,LC,N,,RUD
Lepidium densiflorum Schrad.,LC,EA,,RUD
Lepidium latifolium L.,VU,N,B1a+2b(iv),FRE
Lepidium ruderale L.,LC,N,,RUD
Leucanthemum vulgare Lam.,LC,N,,DRY
Ligustrum vulgare L.,LC,N,,FOR
Limodorum abortivum (L.) Swartz,RE,N,,FOR
Limosella aquatica L.,R,N,,FRE
Linaria arvensis (L.) Desf.,RE,N,,RUD
Linaria repens (L.) Mill.,EN,N,"B2b(iv,v)",ROC
Linaria supina (L.) Chazelles,DD,N,,RUD
Linaria vulgaris Mill.,LC,N,,RUD
Linum austriacum L. subsp. austriacum,CR,EA,B1a,DRY
Linum catharticum L.,LC,N,,DRY
Linum tenuifolium L.,EN,N,"B2b(iv,v)",DRY
Listera ovata (L.) R. Brown,LC,N,,FOR
Lithospermum arvense L.,EN,N,"B1a+2b(iv,v)+2c(iv)",RUD
Lithospermum officinale L.,EN,N,B1a+2b(iv),FOR
Lithospermum purpurocaeruleum L.,VU,N,B1a+2b(iv),FOR
Lolium multiflorum Lam.,LC,EA,,GRA
Lolium perenne L.,LC,N,,GRA
Lolium remotum Schrank,RE,EA,,RUD
Lolium temulentum L.,RE,EA,,RUD
Lonicera periclymenum L.,LC,N,,FOR
Lonicera xylosteum L.,LC,N,,FOR
Lotus corniculatus L.,LC,N,,DRY
Lotus pedunculatus Cav.,LC,N,,MAR
Lunaria rediviva L.,R,N,,FOR
Luzula campestris (L.) DC.,LC,N,,DRY
Luzula luzuloides (Lam.) Dandy et Wilmott,LC,N,,FOR
Luzula multiflora (Ehrh.) Lej.,LC,N,,DRY
Luzula pilosa (L.) Willd.,LC,N,,FOR
Luzula sylvatica (Huds.) Gaudin,LC,N,,FOR
Lychnis flos-cuculi L.,LC,N,,MAR
Lychnis viscaria L.,VU,N,"B2b(iv,v)",ROC
Lycium barbarum L.,R,EA,,ROC
Lycopodiella inundata (L.) Holub,RE,N,,FRE
Lycopodium annotinum L.,R,N,,FOR
Lycopodium clavatum L.,CR,N,B1a+2b(iv); D1,DRY
Lycopus europaeus L.,LC,N,,MAR
Lysimachia nemorum L.,LC,N,,FOR
Lysimachia nummularia L.,LC,N,,GRA
Lysimachia vulgaris L.,LC,N,,MAR
Lythrum hyssopifolia L.,CR,N,"B1a+2b(iv,v)",FRE
Lythrum portula (L.) D.A. Webb,VU,N,"B1a+2b(iii,iv)+2b(v)",FRE
Lythrum salicaria L.,LC,N,,MAR
Mahonia aquifolium (Pursh) Nutt.,LC,EA,,FOR
Maianthemum bifolium (L.) F. W. Schmidt,LC,N,,FOR
Malus sylvestris (L.) Mill.,LC,N,,FOR
Malva alcea L.,VU,N,B2b(iv),RUD
Malva moschata L.,LC,N,,DRY
Malva neglecta Wallr.,LC,N,,RUD
Malva sylvestris L.,VU,N,"B2b(iii,iv)",RUD
Marrubium vulgare L.,RE,EA,,RUD
Matricaria discoidea DC.,LC,N,,RUD
Matricaria maritima L. subsp. inodora (C. Koch) Soó,LC,N,,RUD
Matricaria recutita L.,LC,N,,RUD
Medicago arabica (L.) Huds.,R,N,,RUD
Medicago falcata L.,LC,N,,DRY
Medicago lupulina L.,LC,N,,DRY
Medicago minima (L.) L.,EN,N,"B1a+2b(iv,v)",DRY
Medicago polymorpha L.,LC,N,,RUD
Melampyrum arvense L.,EN,N,"B1a+2b(iv,v)+2c(iv)",DRY
Melampyrum cristatum L.,EN,N,"B1a+2b(iv,v)+2c(iv)",FOR
Melampyrum pratense L.,LC,N,,FOR
Melica ciliata L.,R,N,,ROC
Melica nutans L.,LC,N,,FOR
Melica uniflora Retz.,LC,N,,FOR
Melilotus albus Med.,LC,EA,,RUD
Melilotus altissimus Thuill.,LC,N,,RUD
Melilotus officinalis Lam.,LC,EA,,RUD
Mentha aquatica L.,LC,N,,MAR
Mentha arvensis L.,LC,N,,MAR
Mentha longifolia L.,R,N,,FRE
Mentha pulegium L.,CR,N,B1a,FRE
Mentha spicata L.,R,EA,,RUD
Mentha suaveolens Ehrh.,R,N,,FRE
Menyanthes trifoliata L.,VU,N,"B2b(iii,iv)",MAR
Mercurialis annua L.,LC,N,,RUD
Mercurialis perennis L.,LC,N,,FOR
Mespilus germanica L.,R,EA,,FOR
Meum athamanticum Jacq.,CR,N,B1a+2b(iv); D1,DRY
Milium effusum L.,LC,N,,FOR
Mimulus moschatus Dougl. ex Lindl.,LC,EA,,MAR
Minuartia hybrida (Vill.) Schischkin,VU,N,"B2b(iii,iv)",DRY
Misopates orontium (L.) Rafin.,EN,N,"B2b(iv,v)",RUD
Moehringia trinervia (L.) Clairv.,LC,N,,FOR
"Moenchia erecta (L.) Gaertn., B. Mey. et Scherb.",RE,N,,DRY
Molinia caerulea (L.) Moench,LC,N,,MAR
Moneses uniflora (L.) A. Gray,RE,EA,,FOR
Monotropa hypopitys L.,LC,N,,FOR
Montia fontana L.,VU,N,"B2b(iv,v)",AQU
Montia minor C. C. Gmel.,RE,N,,FRE
Mycelis muralis (L.) Dum.,LC,N,,FOR
Myosotis arvensis (L.) Hill,LC,N,,RUD
Myosotis cespitosa C. F. Schultz,R,N,,MAR
Myosotis discolor Pers.,EN,N,"B2b(iv,v)",DRY
Myosotis nemorosa Besser,LC,N,,MAR
Myosotis ramosissima Rochel ex Schultes,NT,N,,DRY
Myosotis scorpioides L.,LC,N,,MAR
Myosotis stricta Link ex Roem. et Schult.,CR,N,B1a,DRY
Myosotis sylvatica Ehrh. ex Hoffmann,LC,N,,FOR
Myosoton aquaticum (L.) Moench,LC,N,,MAR
Myosurus minimus L.,CR,N,"B2b(iv,v)",RUD
Myriophyllum alterniflorum DC.,R,N,,AQU
Myriophyllum spicatum L.,LC,N,,AQU
Myriophyllum verticillatum L.,VU,N,B1a,AQU
Myrrhis odorata (L.) Scop.,LC,EA,,RUD
Najas marina L.,VU,N,B2b(iii),AQU
Narcissus pseudonarcissus L.,VU,N,B1a+2b(iv),FOR
Nardurus maritimus (L.) Murb.,R,N,,DRY
Nardus stricta L.,EN,N,"B1a+2b(iv,v); C2a",DRY
Nasturtium officinale R. Brown,EN,N,B2b(iv),MAR
"Neotinea ustulata (L.) R.M. Bateman, Pridgeon et M. W.Chase",RE,N,,DRY
Neottia nidus-avis (L.) L. C. M. Rich.,LC,N,,FOR
Nepeta cataria L.,RE,N,,RUD
Neslia paniculata (L.) Desv.,RE,N,,RUD
Nuphar lutea (L.) Smith,R,N,,AQU
Nymphaea alba L.,R,EA,,AQU
Nymphoides peltata (S. G. Gmel.) O. Kuntze,RE,N,,AQU
Odontites vernus (Bellardi) Dum.,EN,N,"B2b(iv,v)",RUD
Oenanthe aquatica (L.) Poiret,VU,N,"B2b(iii,iv)",MAR
Oenanthe fistulosa L.,CR,N,"B2b(iv,v)",MAR
Oenanthe peucedanifolia Pollich,CR,N,B1a+2b(iv),MAR
Oenothera biennis L.,LC,EA,,RUD
Oenothera glazioviana Michelli,LC,EA,,RUD
Oenothera parviflora L.,LC,EA,,RUD
Onobrychis viciifolia Scop.,LC,N,,DRY
Ononis repens L.,LC,N,,DRY
Ononis spinosa L.,CR,N,"B1a+2b(iv,v)",DRY
Onopordum acanthium L.,EN,EA,B1a+2b(iv),RUD
Ophioglossum vulgatum L.,EN,N,B1a+2b(iv),MAR
Ophrys apifera Huds.,EN,N,"B2b(iv,v)",DRY
Ophrys fuciflora (F.W. Schmidt) Moench,EN,N,"B2b(iv,v)",DRY
Ophrys insectifera L.,EN,N,"B2b(iv,v)",DRY
Ophrys sphegodes Mill.,CR,N,"B2b(v,iv); D1",DRY
Orchis anthropophora (L.) All.,EN,N,"B2b(iii,iv)",DRY
Orchis coriophora L.,RE,N,,MAR
Orchis mascula (L.) L.,VU,N,"B2b(iii,iv)",DRY
Orchis militaris L.,VU,N,"B2b(iii,iv)",DRY
Orchis morio L.,EN,N,"B1a+2b(iv,v)",DRY
Orchis purpurea Huds.,VU,N,B2b(iv),FOR
Orchis simia Lam.,RE,N,,DRY
Oreopteris limbosperma (Bellardi ex All.) Holub,VU,N,B1a+2b(iv),FOR
Origanum vulgare L.,LC,N,,FOR
Ornithogalum pyrenaicum L.,R,N,,FOR
Ornithogalum umbellatum L.,LC,EA,,RUD
Ornithopus perpusillus L.,VU,N,"B2b(iv,v)",ROC
Orobanche alba Steph. ex Willd.,EN,N,B1a+2b(iv),DRY
Orobanche caryophyllacea Smith,CR,N,"B1a+2b(iii,iv)",DRY
Orobanche elatior Sutton,RE,N,,DRY
Orobanche hederae Duby,R,N,,FOR
Orobanche lutea Baumg.,R,N,,DRY
Orobanche minor Smith,RE,N,,RUD
Orobanche picridis F. W. Schultz,RE,N,,RUD
Orobanche purpurea Jacq.,EN,N,"B2b(iv,v)",DRY
Orobanche ramosa L.,RE,N,,RUD
Orobanche rapum-genistae Thuill.,EN,N,"B1a+2b(iv,v)",DRY
Orobanche teucrii Holandre,CR,N,B1a+2b(iii),DRY
Orthilia secunda (L.) House,CR,EA,B1a+2b(iv),FOR
Osmunda regalis L.,CR,N,C2a(ii); D1,FOR
Oxalis acetosella L.,LC,N,,FOR
Oxalis corniculata L.,R,EA,,RUD
Oxalis fontana Bunge,LC,EA,,RUD
Papaver argemone L.,EN,N,"B2b(iv,v)+2c(iv)",RUD
Papaver dubium L.,VU,N,"B2b(iv,v)",RUD
Papaver rhoeas L.,NT,N,,RUD
Parietaria judaica L.,R,N,,ROC
Parietaria officinalis L.,RE,EA,,ROC
Paris quadrifolia L.,LC,N,,FOR
Parnassia palustris L.,CR,N,A1a  C2a(ii); D1,MAR
Pastinaca sativa L.,LC,N,,RUD
Pastinaca sativa L. subsp. urens (Req. ex Godr.) Čelak,R,EA,,RUD
Pedicularis palustris L.,EN,N,"B1a+2b(iv,v)+2c(iv)",MAR
Pedicularis sylvatica L.,CR,N,B2b(iii)+2b(v); C2a(ii),DRY
Persicaria amphibia (L.) S. F. Gray,LC,N,,AQU
Persicaria bistorta (L.) Samp.,LC,N,,MAR
Persicaria hydropiper (L.) Spach.,LC,N,,MAR
Persicaria lapathifolia (L.) Delarbre,LC,N,,RUD
"Persicaria maculosa S. F. Gray, nom. conserv. propos.",LC,N,,RUD
Persicaria minor (Huds.) Opiz,EN,N,"B2b(iv,v)",FRE
Persicaria mitis (Schrank),EN,N,"B1a+2b(iv,v)",FRE
"Petasites hybridus (L.) Gaertn., B. Mey. et Scherb.",LC,N,,FRE
Petrorhagia prolifera (L.) P. W. Ball et Heywood,LC,N,,DRY
Peucedanum carvifolia Vill.,CR,N,B2b(iii)+2b(iv),MAR
Peucedanum cervaria (L.) Lapeyr.,VU,N,B2b(iii)+2b(iv),FOR
Phalaris arundinacea L.,LC,N,,MAR
Phegopteris connectilis (Michaux) Watt,LC,N,,FOR
Phleum nodosum L.,LC,N,,DRY
Phleum phleoides (L.) Karst.,CR,N,B1a+2b(iv),DRY
Phleum pratense L.,LC,N,,GRA
Phragmites australis (Cav.) Steud.,LC,N,,MAR
Phyteuma nigrum F. W. Schmidt,LC,N,,FOR
Phyteuma spicatum L.,LC,N,,FOR
Picea abies (L.) Karst.,LC,EA,,FOR
Picris hieracioides L.,LC,N,,RUD
Pimpinella major (L.) Huds.,LC,N,,GRA
Pimpinella saxifraga L.,LC,N,,DRY
Pinus nigra Arnold,LC,EA,,FOR
Pinus sylvestris L.,CR,N,B1a; C2a(ii),FOR
Plantago lanceolata L.,LC,N,,GRA
Plantago major L.,LC,N,,RUD
Plantago media L.,LC,N,,DRY
Platanthera bifolia (L.) L. C. M. Rich.,VU,N,B2b(iv),FOR
Platanthera chlorantha (Cust.) Reichenb.,VU,N,B2b(iv),FOR
Poa annua L.,LC,N,,RUD
Poa bulbosa L.,R,N,,DRY
Poa chaixii Vill.,LC,N,,FOR
Poa compressa L.,LC,N,,ROC
Poa nemoralis L.,LC,N,,FOR
Poa palustris L.,VU,N,B1a+2b(iv),MAR
Poa pratensis L.,LC,N,,GRA
Poa trivialis L.,LC,N,,GRA
Podospermum laciniatum (L.) DC.,RE,N,,RUD
Polemonium caeruleum L.,R,EA,,MAR
Polygala amarella Crantz,CR,N,B1a+2b(iv)+2b(iii),DRY
Polygala calcarea F. W. Schultz,VU,N,"B2b(iii,iv)",DRY
Polygala comosa Schkuhr,LC,N,,DRY
Polygala serpyllifolia Hose,VU,N,B1a+2b(iv),DRY
Polygala vulgaris L.,LC,N,,DRY
Polygonatum multiflorum (L.) All.,LC,N,,FOR
Polygonatum odoratum (Mill.) Druce,NT,N,,FOR
Polygonatum verticillatum (L.) All.,LC,N,,FOR
Polygonum aviculare L.,LC,N,,RUD
Polypodium interjectum Shivas,LC,N,,FOR
Polypodium vulgare L.,LC,N,,FOR
Polypodium ×mantoniae Rothm.,R,N,,FOR
Polystichum aculeatum (L.) Roth,NT,N,,FOR
Polystichum lonchitis (L.) Roth,EN,N,B1a+2b(iv),FOR
Polystichum setiferum (Forssk.) Woynar,R,N,,FOR
Polystichum ×bicknellii (Christ) Hahne,R,N,,FOR
Populus tremula L.,LC,N,,FOR
Potamogeton alpinus Balb.,RE,N,,AQU
Potamogeton berchtoldii Fieb.,LC,N,,AQU
Potamogeton crispus L.,LC,N,,AQU
Potamogeton lucens L.,R,N,,AQU
Potamogeton natans L.,LC,N,,AQU
Potamogeton nodosus Poiret,LC,EA,,AQU
Potamogeton obtusifolius Mert. et Koch,R,N,,AQU
Potamogeton pectinatus L.,LC,N,,AQU
Potamogeton perfoliatus L.,EN,N,B1a+2b(iv),AQU
Potamogeton polygonifolius Pourr.,EN,N,B1a+2b(iv),AQU
Potamogeton pusillus L.,LC,N,,AQU
Potamogeton trichoides Cham. et Schlecht.,RE,N,,AQU
Potentilla anserina L.,LC,N,,RUD
Potentilla argentea L.,LC,N,,DRY
Potentilla erecta (L.) Räuschel,NT,N,,DRY
"Potentilla incana P. Gaertn., B. Mey. et Scherb",CR,N,C2a(ii); D1,ROC
Potentilla leucopolitana P. J. Muell.,RE,N,,ROC
Potentilla neumanniana Reichenb.,LC,N,,DRY
Potentilla recta L.,LC,EA,,RUD
Potentilla reptans L.,LC,N,,RUD
Potentilla rupestris L.,EN,N,"B2b(iv,v)",ROC
Potentilla sterilis (L.) Garcke,LC,N,,FOR
Potentilla supina L.,R,N,,FRE
Prenanthes purpurea L.,RE,N,,FOR
Primula elatior (L.) Hill,LC,N,,FOR
Primula veris L.,VU,N,"B2b(iv,v)",DRY
Prunella grandiflora (L.) Scholler,CR,N,B2b(iv),DRY
Prunella laciniata (L.) L.,EN,N,"B2b(iv,v)",DRY
Prunella vulgaris L.,LC,N,,GRA
Prunus avium (L.) L.,LC,N,,FOR
Prunus mahaleb L.,CR,N,B2b(iv),FOR
Prunus padus L.,LC,N,,FOR
Prunus spinosa L.,LC,N,,FOR
Pseudofumaria lutea (L.) Borkh.,LC,EA,,ROC
Pteridium aquilinum (L.) Kuhn,LC,N,,FOR
Puccinellia distans (L.) Parl.,LC,EA,,RUD
Pulicaria dysenterica (L.) Bernh.,VU,N,"B2b(iii,iv)",MAR
Pulicaria vulgaris Gaertn.,RE,N,,FRE
Pulmonaria montana Lej.,VU,N,B1a+2b(iv),FOR
Pulmonaria obscura Dum.,LC,N,,FOR
Pulsatilla vulgaris Mill.,EN,N,"B1a+B2b(iv,v)",DRY
Pyrola media Swartz,R,N,,FOR
Pyrola minor L.,LC,N,,FOR
Pyrola rotundifolia L.,NT,N,,FOR
Pyrus communis subsp. pyraster (L.) Ehrh.,LC,N,,FOR
Quercus petraea (Mattuschka) Lieblein,LC,N,,FOR
Quercus pubescens Willd.,EN,N,B1a,FOR
Quercus robur L.,LC,N,,FOR
Radiola linoides Roth,RE,N,,FRE
Ranunculus acris L.,LC,N,,GRA
Ranunculus aquatilis L.,CR,N,C2a(ii),AQU
Ranunculus arvensis L.,EN,N,"B2b(iv,v)",RUD
Ranunculus auricomus L.,LC,N,,FOR
Ranunculus bulbosus L.,LC,N,,DRY
Ranunculus circinatus Sibth.,R,N,,AQU
Ranunculus ficaria L.,LC,N,,FOR
Ranunculus flammula L.,LC,N,,MAR
Ranunculus fluitans Lam.,VU,N,B2b(iv),AQU
Ranunculus hederaceus L.,CR,N,B2b(iv),MAR
Ranunculus lingua L.,RE,N,,FRE
Ranunculus peltatus Schrank,VU,N,B1a+2b(iv),AQU
Ranunculus penicillatus (Dum.) Bab.,LC,N,,AQU
Ranunculus platanifolius L.,EN,N,"B1a+2b(iv,v); C2a(i); D1",FOR
Ranunculus repens L.,LC,N,,MAR
Ranunculus sardous Crantz,EN,N,"B2b(iv,v)",RUD
Ranunculus sceleratus L.,EN,N,"B2b(iv,v)",MAR
Ranunculus serpens Schrank,LC,N,,FOR
Ranunculus trichophyllus Chaix,VU,N,B1a+2b(iv),AQU
Raphanus raphanistrum L.,LC,N,,RUD
Reseda lutea L.,LC,N,,RUD
Reseda luteola L.,LC,N,,RUD
Rhamnus cathartica L.,LC,N,,FOR
Rhinanthus alectorolophus (Scop.) Pollich,EN,N,"B1a+2b(iv,v)",DRY
Rhinanthus angustifolius C. C. Gmel.,CR,N,B1a+2b(iv),DRY
Rhinanthus minor L.,NT,N,,MAR
Rhynchospora alba (L.) Vahl.,RE,N,,MAR
Ribes alpinum L.,LC,N,,FOR
Ribes nigrum L.,LC,N,,FOR
Ribes rubrum L.,LC,N,,FOR
Ribes uva-crispa L.,LC,N,,FOR
Rorippa amphibia (L.) Besser,LC,N,,FRE
Rorippa palustris (L.) Besser,LC,N,,FRE
Rorippa stylosa (Pers.) Mansf. et Rothm.,CR,N,B2b(v); C2a(ii); D1,DRY
Rorippa sylvestris (L.) Besser,LC,N,,FRE
Rosa arvensis Huds.,LC,N,,FOR
Rosa canina L.,LC,N,,FOR
Rosa micrantha Borrer ex Smith,CR,N,C2a(ii),FOR
Rosa rubiginosa L.,VU,N,"B2b(iv,v)",DRY
Rosa spinosissima L.,EN,N,B1a+2b(iv),DRY
Rosa stylosa Desv.,CR,N,C2a(ii),FOR
Rosa tomentosa Smith,LC,N,,FOR
Rosa villosa L.,CR,N,"B2b(iii,iv)",FOR
Rubus adornatus P. J. Mueller ex Wirtgen,NE,N,,FOR
Rubus arduennensis Libert ex Lejeune,NE,N,,FOR
Rubus armeniacus Focke,NE,N,,FOR
Rubus baruthicus Weber,NE,N,,FOR
Rubus bertramii G. Braun,NE,N,,FOR
Rubus bifrons Vest,NE,N,,FOR
Rubus bonus-henricus Matzke-Hajek,NE,N,,FOR
Rubus britannicus W. M. Rogers,NE,N,,FOR
Rubus caesius L.,NE,N,,FOR
Rubus camptostachys G. Braun,NE,N,,FOR
Rubus canescens DC.,NE,N,,FOR
Rubus condensatus P. J. Mueller,NE,N,,FOR
Rubus cuspidatus P. J. Mueller,NE,N,,FOR
Rubus dechenii Wirtgen,NE,N,,FOR
Rubus eifeliensis Wirtgen,NE,N,,FOR
Rubus erubescens Wirtgen,NE,N,,FOR
Rubus fimbriifolius P. J. Mueller et Wirtgen,NE,N,,FOR
Rubus flexuosus P. J. Mueller et Lefèvre,NE,N,,FOR
Rubus fruticosus L.,NE,N,,FOR
Rubus fuscus Weihe,NE,N,,FOR
Rubus grabowskii Weihe in Guenther et al.,NE,N,,FOR
Rubus gracilis J. et C. Presl,NE,N,,FOR
Rubus hadracanthos G. Braun,NE,N,,FOR
Rubus hostilis P. J. Mueller et Wirtgen,NE,N,,FOR
Rubus idaeus L.,NE,N,,FOR
Rubus langei Jensen ex Frid. et Gelert,NE,N,,FOR
Rubus loehrii Wirtgen,NE,N,,FOR
Rubus macrophyllus Weihe et Nees,NE,N,,FOR
Rubus melanoxylon P. J. Mueller et Wirtgen,NE,N,,FOR
Rubus micans Godron et Grenier,NE,N,,FOR
Rubus montanus Libert ex Lej.,NE,N,,FOR
Rubus nemorosus Hayne et Wildenow,NE,N,,FOR
Rubus nessensis W. Hall subsp. scissoides H. E. Weber,NE,N,,FOR
Rubus neumannianus H. E. Weber et H. Vannerom,NE,N,,FOR
Rubus oblongifolius P. J. Mueller et Wirtgen,NE,N,,FOR
Rubus omalodontos P. J. Mueller et Wirtgen,NE,N,,FOR
Rubus oreades P. J. Mueller et Wirtgen,NE,N,,FOR
Rubus orthostachys G. Braun,NE,N,,FOR
Rubus pannosus P. J. Mueller et Wirtgen,NE,N,,FOR
Rubus pedemontanus Pinkwart,NE,N,,FOR
Rubus perperus H. E. Weber,NE,N,,FOR
Rubus praecox Bertol.,NE,N,,FOR
Rubus pyramidalis Kaltenbach,NE,N,,FOR
Rubus radula Weihe,NE,N,,FOR
Rubus raduliformis Sudre,NE,N,,FOR
Rubus rosaceus Weihe,NE,N,,FOR
Rubus rudis Weihe,NE,N,,FOR
Rubus saxatilis L.,NE,N,,FOR
Rubus saxicola P. J. Mueller,NE,N,,FOR
Rubus sprengelii Weihe,NE,N,,FOR
Rubus steracanthos P. J. Mueller ex Boulay,NE,N,,FOR
Rubus sulcatus Vest,NE,N,,FOR
Rubus vestitus Weihe,NE,N,,FOR
Rubus viscosus Weihe ex Lejeune et Courtois,NE,N,,FOR
Rumex acetosa L.,LC,N,,GRA
Rumex acetosella L.,LC,N,,DRY
Rumex conglomeratus Murray,LC,N,,RUD
Rumex crispus L.,LC,N,,RUD
Rumex hydrolapathum Huds.,EN,N,B1a+2b(iv),FRE
Rumex maritimus L.,EN,N,"B2b(iv,v)",FRE
Rumex obtusifolius L.,LC,N,,GRA
Rumex sanguineus L.,LC,N,,FOR
Rumex scutatus L.,EN,EA,B1a+2b(iv),ROC
Sagina apetala Ard.,EN,N,"B2b(iv,v)+2c(iv)",ROC
Sagina nodosa (L.) Fenzl,RE,N,,MAR
Sagina procumbens L.,LC,N,,ROC
Sagittaria sagittifolia L.,EN,N,B1a+2b(iv),FRE
Salix alba L.,LC,N,,FRE
Salix aurita L.,LC,N,,MAR
Salix caprea L.,LC,N,,FOR
Salix cinerea L.,LC,N,,MAR
Salix fragilis L.,LC,N,,FRE
Salix pentandra L.,LC,EA,,FRE
Salix purpurea L. var. lambertiana (Smith) Koch,LC,N,,FOR
Salix repens L.,CR,N,"B2b(iii,iv)",MAR
Salix triandra L.,LC,N,,FRE
Salix viminalis L.,LC,N,,FRE
Salvia pratensis L.,EN,N,"B2b(iv,v)",DRY
Salvia verticillata L.,EN,EA,B2b(iv),RUD
Sambucus ebulus L.,LC,N,,FOR
Sambucus nigra L.,LC,N,,FOR
Sambucus racemosa L.,LC,N,,FOR
Sanguisorba minor Scop.,LC,N,,DRY
Sanguisorba officinalis L.,EN,N,"B1a+2b(iv,v)",MAR
Sanicula europaea L.,LC,N,,FOR
Saponaria officinalis L.,LC,N,,RUD
Saxifraga granulata L.,LC,N,,DRY
"Saxifraga rosacea Moench subsp. sponhemica (C. C. Gmel.)D. A. Webb",R,N,,ROC
Saxifraga tridactylites L.,NT,N,,ROC
Scabiosa columbaria L.,LC,N,,DRY
"Scabiosa columbaria L. subsp. pratensis (Jord.) J.Duvigneaud et Lambinon",CR,N,"B2b(iii,iv)",DRY
Scandix pecten-veneris L.,CR,N,"B2b(iii,iv)",RUD
Schoenoplectus lacustris (L.) Palla,EN,N,B1a+2b(iv),FRE
Schoenoplectus tabernaemontani (C. C. Gmel.) Palla,CR,N,B1a+2b(iii),MAR
Scilla bifolia L.,VU,N,"B1a+2b(iv,v)",FOR
Scirpus sylvaticus L.,LC,N,,MAR
Scleranthus annuus L.,LC,N,,RUD
Scleranthus perennis L.,LC,N,,ROC
Sclerochloa dura (L.) Beauv.,RE,EA,,RUD
Scorzonera humilis L.,EN,N,"B2b(iv,v)",MAR
Scrophularia auriculata L.,CR,N,"B2b(iii,iv)",FRE
Scrophularia nodosa L.,LC,N,,FOR
Scrophularia umbrosa Dum.,VU,N,B2b(iv),FRE
Scutellaria galericulata L.,LC,N,,MAR
Scutellaria minor Huds.,CR,N,B1a+2b(iii); C2a(i),MAR
Securigera varia (L.) Lassen,LC,EA,,RUD
Sedum acre L.,LC,N,,ROC
Sedum album L.,LC,N,,ROC
Sedum forsterianum Smith,LC,N,,DRY
Sedum rubens L.,RE,N,,ROC
Sedum rupestre L.,LC,N,,ROC
Sedum sexangulare L.,EN,N,B1a+2b(iv),ROC
Sedum telephium L.,LC,N,,ROC
Selinum carvifolia (L.) L.,VU,N,"B2b(iii,iv)",MAR
Sempervivum tectorum L.,RE,EA,,ROC
Senecio aquaticus Hill,EN,N,"B2b(iv,v)",MAR
Senecio erucifolius L.,LC,N,,DRY
Senecio inaequidens DC.,LC,EA,,RUD
Senecio jacobaea L.,LC,N,,GRA
"Senecio ovatus (Gaertn., B. Mey. et Scherb.) Willd.",LC,N,,FOR
Senecio sarracenicus L.,CR,N,C2a(ii),FRE
Senecio sylvaticus L.,LC,N,,FOR
Senecio vernalis Waldst. et Kit.,LC,EA,,RUD
Senecio viscosus L.,LC,N,,RUD
Senecio vulgaris L.,LC,N,,RUD
Serratula tinctoria L.,CR,N,"B2b(iii,iv)",DRY
Seseli annuum L.,CR,N,"B2b(iii,iv)",DRY
Seseli libanotis (L.) Koch,VU,N,B2b(iv),ROC
Sesleria caerulea (L.) Ard.,R,N,,DRY
Setaria pumila (Poir.) Roem. et Schult.,EN,N,B2b(iv),RUD
Setaria verticillata (L.) Beauv.,LC,N,,RUD
Setaria viridis (L.) Beauv.,LC,N,,RUD
Sherardia arvensis L.,EN,N,"B2b(iv,v)",RUD
Silaum silaus (L.) Schinz et Thell.,LC,N,,MAR
Silene armeria L.,R,N,,DRY
Silene conica L.,RE,N,,DRY
Silene dichotoma Ehrh.,CR,EA,"B2b(iv,v)",RUD
Silene dioica (L.) Clairv.,LC,N,,FOR
Silene latifolia Poiret subsp. alba (Mill.) Greuter et Burdet,LC,N,,RUD
Silene noctiflora L.,CR,N,"B2b(iv,v)",RUD
Silene nutans L.,LC,N,,ROC
Silene vulgaris (Moench) Garcke,LC,N,,FOR
Sinapis arvensis L.,LC,N,,RUD
Sisymbrium officinale (L.) Scop.,LC,N,,RUD
Solanum dulcamara L.,LC,N,,FRE
Solanum nigrum L.,LC,N,,RUD
Solidago canadensis L.,LC,EA,,RUD
Solidago gigantea Ait.,LC,EA,,RUD
Solidago virgaurea L.,LC,N,,FOR
Sonchus arvensis L.,LC,N,,RUD
Sonchus asper (L.) Hill,LC,N,,RUD
Sonchus oleraceus L.,LC,N,,MAR
Sorbus aria (L.) Crantz,LC,N,,FOR
Sorbus aucuparia L.,LC,N,,FOR
Sorbus latifolia (Lam.) Pers.,R,N,,FOR
Sorbus semiincisa Borbás,LC,N,,FOR
Sorbus torminalis (L.) Crantz,LC,N,,FOR
Sparganium emersum Rehm.,EN,N,B1a+2b(iv),AQU
Sparganium erectum L.,LC,N,,AQU
Sparganium natans L.,RE,N,,AQU
Spergula arvensis L.,LC,N,,RUD
Spergula pentandra L.,RE,N,,RUD
Spergularia rubra (L.) J. et C. Presl,LC,N,,ROC
Spirodela polyrhiza (L.) Schleid.,R,N,,AQU
Stachys alpina L.,VU,N,B1a+2b(iv),FOR
Stachys annua (L.) L.,CR,N,"B2b(iv,v)",RUD
Stachys arvensis (L.) L.,EN,N,"B2b(iv,v)",RUD
Stachys officinalis (L.) Trev.,LC,N,,DRY
Stachys palustris L.,LC,N,,MAR
Stachys recta L.,VU,N,"B2b(iii,iv)",DRY
Stachys sylvatica L.,LC,N,,FOR
Stellaria alsine Grimm,LC,N,,MAR
Stellaria graminea L.,LC,N,,DRY
Stellaria holostea L.,LC,N,,FOR
Stellaria media (L.) Vill.,LC,N,,RUD
Stellaria nemorum L.,LC,N,,FOR
Stellaria palustris Retz.,CR,N,C2a(ii),MAR
Succisa pratensis Moench,VU,N,"B2b(iii,iv)",MAR
Symphytum officinale L.,LC,N,,FRE
Symphytum xuplandicum Nyman,NE,EA,,RUD
Syringa vulgaris L.,LC,EA,,ROC
Tamus communis L.,EN,N,B1a; C2a(i),FOR
Tanacetum parthenium (L.) Schultz-Bip.,LC,EA,,RUD
Tanacetum vulgare L.,LC,N,,RUD
Taraxacum acutangulum Markl.,NE,N,,GRA
Taraxacum adamii Claire,NE,N,,GRA
Taraxacum alatum Lindb. f.,NE,N,,GRA
Taraxacum anglicum Dahlst. ex Druce,NE,N,,MAR
Taraxacum copidophyllum Dahlst.,NE,N,,GRA
Taraxacum crispulum Hagl.,NE,N,,GRA
Taraxacum dahlstedtii Lindb. f.,NE,N,,GRA
Taraxacum dilatatum Lindb. f.,NE,N,,GRA
Taraxacum duplidentifrons Dahlst.,NE,N,,GRA
Taraxacum ekmanii Dahlst.,NE,N,,GRA
Taraxacum haematicum Hagl.,NE,N,,GRA
Taraxacum hollandicum v. Soest,NE,N,,MAR
Taraxacum lacistophylloides Dahlst.,NE,N,,ROC
Taraxacum lacistophyllum (Dahlst.) Raunk.,NE,N,,ROC
Taraxacum ochrochlorum Hagl.,NE,N,,GRA
Taraxacum pectinatiforme Lindb. f.,NE,N,,GRA
Taraxacum reichlingii v. Soest,RE,N,,MAR
Taraxacum rivulare v. Soest,RE,N,,GRA
Taraxacum rubicundum (Dahlst.) Dahlst.,NE,N,,ROC
Taraxacum scanicum Dahlst.,NE,N,,ROC
Taraxacum sellandii Dahlst.,NE,N,,GRA
Taraxacum silesiacum Dahlst. ex Hagl.,NE,N,,ROC
Taraxacum subpallidissimum v. Soest,NE,N,,GRA
Taraxacum subundulatum Dahlst.,NE,N,,GRA
Taraxacum tortilobum Florstr.,NE,N,,ROC
Taraxacum trilobatum Palmgren,NE,N,,GRA
Taraxacum undulatiforme Dahlst.,NE,N,,GRA
Taraxacum undulatum Lindb. f. et Markl.,NE,N,,GRA
Taxus baccata L.,LC,EA,,FOR
Teesdalia nudicaulis (L.) R. Brown,LC,N,,ROC
Tephroseris helenitis (L.) Nordenstam,EN,N,"B1a+2b(iv,v)",ROC
Tetragonolobus maritimus (L.) Roth,EN,N,B2b(iv),DRY
Teucrium botrys L.,VU,N,B1a+2b(iv),ROC
Teucrium chamaedrys L.,VU,N,B1a+2b(iv),DRY
Teucrium montanum L.,RE,N,,DRY
Teucrium scorodonia L.,LC,N,,FOR
Thalictrum flavum L.,VU,N,B1a+2b(iv),MAR
Thalictrum minus L. subsp. pratense (F.W. Schultz) Hand,CR,N,"B2b(iii,iv)",DRY
Thelypteris palustris Schott,CR,N,C2a(ii),MAR
Thesium pyrenaicum Pourr.,CR,N,C2a(ii),DRY
Thlaspi arvense L.,LC,N,,RUD
Thlaspi caerulescens J. et C. Presl,LC,N,,DRY
Thlaspi montanum L.,RE,N,,DRY
Thlaspi perfoliatum L.,LC,N,,RUD
Thymelea passerina (L.) Coss. et Germ.,RE,N,,RUD
Thymus praecox Opiz,R,N,,ROC
Thymus pulegioides L.,LC,N,,DRY
Tilia cordata Mill.,LC,N,,FOR
Tilia platyphyllos Scop.,LC,N,,FOR
Torilis arvensis (Huds.) Link,EN,N,"B1a+2b(iv,v)",RUD
Torilis japonica (Houtt.) DC.,LC,N,,FOR
Tragopogon pratensis L.,LC,N,,DRY
Tragopogon pratensis L. subsp. orientalis (L.) Čelak.,CR,N,"B2b(iii,iv)",DRY
Trichomanes speciosum Willd.,LC,N,,ROC
Trifolium alpestre L.,CR,N,B2b(iii),DRY
Trifolium arvense L.,LC,N,,DRY
Trifolium aureum Pollich,EN,N,B2b(iv),DRY
Trifolium campestre Schreb.,LC,N,,DRY
Trifolium dubium Sibth.,LC,N,,GRA
Trifolium fragiferum L.,LC,N,,DRY
Trifolium hybridum L.,LC,EA,,GRA
Trifolium medium L.,LC,N,,DRY
Trifolium micranthum Viv.,RE,N,,DRY
Trifolium montanum L.,VU,N,B2b(iv),DRY
Trifolium ochroleucon Huds.,VU,N,B1a+2b(iv),DRY
Trifolium pratense L.,LC,N,,GRA
Trifolium repens L.,LC,N,,GRA
Trifolium rubens L.,CR,N,"B2b(iii,iv)",DRY
Trifolium striatum L.,EN,N,"B2b(iv,v)",DRY
Triglochin palustre L.,CR,N,"B2b(iii,iv)",MAR
Trisetum flavescens (L.) Beauv.,LC,N,,GRA
Turgenia latifolia (L.) Hoffm.,RE,N,,RUD
Tussilago farfara L.,LC,N,,RUD
Typha angustifolia L.,EN,N,"B1a+2b(iv,v)",FRE
Typha latifolia L.,LC,N,,FRE
Ulex europaeus L.,CR,EA,B2b(iv),FOR
Ulmus glabra Huds.,LC,N,,FOR
Ulmus laevis Pallas,CR,N,D1,FOR
Ulmus minor Mill.,LC,N,,FOR
Urtica dioica L.,LC,N,,RUD
Urtica urens L.,CR,N,"B2b(iii,iv)",RUD
Utricularia australis R. Brown,EN,N,B2b(iv),AQU
Utricularia vulgaris L.,EN,N,B2b(iv),AQU
Vaccaria hispanica (Mill.) Rauschert,RE,N,,RUD
Vaccinium myrtillus L.,LC,N,,FOR
Vaccinium oxycoccos L.,CR,N,"B2b(iii,iv)",MAR
Vaccinium vitis-idaea L.,CR,N,B2b(iii),DRY
Valeriana dioica L.,EN,N,"B2b(iv,v)",MAR
Valeriana repens Host,LC,N,,MAR
Valeriana wallrothii Kreyer,LC,N,,FOR
Valerianella carinata Loisel.,LC,N,,RUD
Valerianella dentata (L.) Pollich,EN,N,"B2b(iv,v)+2c(iv)",RUD
Valerianella locusta (L.) Laterr.,LC,N,,RUD
Valerianella rimosa Bast.,EN,N,"B2b(iv,v)+2c(iv)",RUD
Vallisneria spiralis L.,CR,EA,B2b(iv),AQU
Verbascum densiflorum Bertol.,VU,N,B1a+2b(iv),RUD
Verbascum lychnitis L.,LC,N,,ROC
Verbascum nigrum L.,LC,N,,RUD
Verbascum phlomoides L.,RE,N,,RUD
Verbascum pulverulentum Vill.,CR,N,C2a(ii),ROC
Verbascum thapsus L.,NT,N,,RUD
Verbena officinalis L.,LC,N,,RUD
Veronica agrestis L.,LC,N,,RUD
Veronica anagallis-aquatica L. subsp. anagallis-aquatica,EN,N,B2b(iv),FRE
Veronica anagallis-aquatica L. subsp. aquatica Nyman,CR,N,B2b(iv),FRE
Veronica arvensis L.,LC,N,,RUD
Veronica beccabunga L.,LC,N,,FRE
Veronica chamaedrys L.,LC,N,,DRY
Veronica filiformis Smith,R,EA,,GRA
Veronica hederifolia L.,LC,N,,RUD
Veronica montana L.,LC,N,,FOR
Veronica officinalis L.,LC,N,,FOR
Veronica persica Poir.,LC,EA,,RUD
Veronica polita Fries,EN,N,"B2b(iv,v)",RUD
Veronica praecox All.,RE,N,,RUD
Veronica scutellata L.,EN,N,B2b(iv),MAR
Veronica serpyllifolia L.,LC,N,,GRA
Veronica teucrium L.,CR,N,"B2b(iii,iv)",DRY
Veronica triphyllos L.,CR,N,"B2b(iv,v)",RUD
Veronica verna L.,CR,N,"B2b(iii,iv)",RUD
Viburnum lantana L.,LC,N,,FOR
Viburnum opulus L.,LC,N,,FOR
Vicia cracca L.,LC,N,,GRA
Vicia hirsuta (L.) S. F. Gray,LC,N,,RUD
Vicia lathyroides L.,CR,N,"B2b(iii,iv)",DRY
Vicia lutea L.,LC,EA,,RUD
Vicia pisiformis L.,CR,N,B1a,FOR
Vicia sativa L.,LC,EA,,RUD
Vicia sepium L.,LC,N,,FOR
Vicia tenuifolia Roth,LC,N,,DRY
Vicia tetrasperma (L.) Schreb.,LC,N,,RUD
Vicia tetrasperma (L.) Schreb. subsp. gracilis (DC.) Hook. f.,CR,N,B2b(iii),RUD
Vicia villosa Roth,LC,EA,,RUD
Vinca minor L.,LC,N,,FOR
Vincetoxicum hirundinaria Med.,VU,N,B2b(iv),FOR
Viola arvensis Murray,LC,N,,RUD
Viola canina L.,EN,N,B1a+2b(iv),DRY
Viola hirta L.,LC,N,,FOR
Viola mirabilis L.,R,N,,FOR
Viola odorata L.,LC,N,,FOR
Viola palustris L.,EN,N,"B2b(iv,v)",MAR
Viola reichenbachiana Jord. ex Boreau,LC,N,,FOR
Viola riviniana Reichenb.,LC,N,,FOR
Viola tricolor L.,LC,N,,RUD
Viscum album L.,LC,N,,FOR
Vulpia bromoides (L.) S. F. Gray,CR,N,"B2b(iii,iv)",DRY
Vulpia myuros (L.) C. C. Gmel.,EN,N,"B2b(iv,v)",RUD
Wahlenbergia hederacea (L.) Reichenb.,CR,N,C2a(ii),MAR
Xanthium strumarium L.,RE,EA,,RUD
Zannichellia palustris L.,LC,N,,AQU
